{"cameraMode":{"drawMode":0,"name":"Shaded","section":"Shading Mode"},"sceneLighting":false,"audioPlay":false,"sceneViewState":{"m_AlwaysRefresh":false,"showFog":true,"showSkybox":false,"showFlares":true,"showImageEffects":true,"showParticleSystems":true,"showVisualEffectGraphs":true,"m_FxEnabled":true},"in2DMode":false,"pivot":{"x":-0.009923756122589112,"y":0.638435959815979,"z":-0.4470639228820801},"rotation":{"x":-0.031214559450745584,"y":0.9464542865753174,"z":-0.09639906883239746,"w":-0.30657628178596499},"size":1.4700359106063843,"orthographic":false}