{"cameraMode":{"drawMode":0,"name":"Shaded","section":"Shading Mode"},"sceneLighting":true,"audioPlay":false,"sceneViewState":{"m_AlwaysRefresh":false,"showFog":true,"showSkybox":true,"showFlares":true,"showImageEffects":true,"showParticleSystems":true,"showVisualEffectGraphs":true,"m_FxEnabled":true},"in2DMode":false,"pivot":{"x":-304.84759521484377,"y":72.99449920654297,"z":20.257057189941408},"rotation":{"x":0.07675564289093018,"y":0.5996018648147583,"z":-0.05792629346251488,"w":0.7945016622543335},"size":2.545872449874878,"orthographic":false}