{"cameraMode":{"drawMode":0,"name":"Shaded","section":"Shading Mode"},"sceneLighting":false,"audioPlay":false,"sceneViewState":{"m_AlwaysRefresh":false,"showFog":true,"showSkybox":false,"showFlares":true,"showImageEffects":true,"showParticleSystems":true,"showVisualEffectGraphs":true,"m_FxEnabled":true},"in2DMode":false,"pivot":{"x":-0.11203408241271973,"y":0.2990737557411194,"z":-0.1679958701133728},"rotation":{"x":-0.0334927961230278,"y":-0.9664976596832275,"z":0.18287183344364167,"w":-0.17702610790729524},"size":1.2585433721542359,"orthographic":false}